text,sentiment
"Average quality, meets basic needs.",Neutral
"It is okay, nothing special.",Neutral
It works as described.,Neutral
Unremarkable but functional.,Neutral
Complete waste of money.,Negative
Worst product I have ever bought.,Negative
Not bad but not great either.,Neutral
"Amazing experience, highly recommend.",Positive
So grateful for this amazing service.,Positive
I absolutely love this product!,Positive
Worst product I have ever bought.,Negative
Disgusted by the poor build quality.,Negative
Does what it says on the tin.,Neutral
Best purchase I've ever made.,Positive
Fantastic quality and fast shipping.,Positive
This made my day so much better.,Positive
"It is okay, nothing special.",Neutral
Exceeded all my expectations.,Positive
Not bad but not great either.,Neutral
So grateful for this amazing service.,Positive
"Arrived on time, average product.",Neutral
Delightful and well made.,Positive
Delightful and well made.,Positive
"Neither good nor bad, just fine.",Neutral
Best purchase I've ever made.,Positive
Would not recommend to anyone.,Negative
I absolutely love this product!,Positive
Five stars no question.,Positive
I absolutely love this product!,Positive
Exceeded all my expectations.,Positive
Best purchase I've ever made.,Positive
Unremarkable but functional.,Neutral
Would not recommend to anyone.,Negative
"Arrived on time, average product.",Neutral
"Arrived on time, average product.",Neutral
Five stars no question.,Positive
"Amazing experience, highly recommend.",Positive
"Arrived on time, average product.",Neutral
Fantastic quality and fast shipping.,Positive
Exceeded all my expectations.,Positive
This made my day so much better.,Positive
Acceptable for the price I guess.,Neutral
"Totally worth it, very happy.",Positive
Not bad but not great either.,Neutral
Does what it says on the tin.,Neutral
Does what it says on the tin.,Neutral
"Absolute garbage, returning immediately.",Negative
Would not recommend to anyone.,Negative
"Amazing experience, highly recommend.",Positive
Best purchase I've ever made.,Positive
"Broke after one week, very disappointed.",Negative
"Totally worth it, very happy.",Positive
So grateful for this amazing service.,Positive
Worst product I have ever bought.,Negative
It works as described.,Neutral
Complete waste of money.,Negative
"Average quality, meets basic needs.",Neutral
Delightful and well made.,Positive
Exceeded all my expectations.,Positive
Complete waste of money.,Negative
"Absolute garbage, returning immediately.",Negative
This made my day so much better.,Positive
Worst product I have ever bought.,Negative
Acceptable for the price I guess.,Neutral
Acceptable for the price I guess.,Neutral
Best purchase I've ever made.,Positive
Worst product I have ever bought.,Negative
Acceptable for the price I guess.,Neutral
Unremarkable but functional.,Neutral
It works as described.,Neutral
"Neither good nor bad, just fine.",Neutral
"Arrived on time, average product.",Neutral
Best purchase I've ever made.,Positive
Disgusted by the poor build quality.,Negative
Best purchase I've ever made.,Positive
Best purchase I've ever made.,Positive
Fantastic quality and fast shipping.,Positive
"It is okay, nothing special.",Neutral
"Horrible quality, falls apart easily.",Negative
This made my day so much better.,Positive
"Neither good nor bad, just fine.",Neutral
I absolutely love this product!,Positive
"Totally worth it, very happy.",Positive
Very frustrating experience.,Negative
Acceptable for the price I guess.,Neutral
Exceeded all my expectations.,Positive
Not bad but not great either.,Neutral
"Absolute garbage, returning immediately.",Negative
"Totally worth it, very happy.",Positive
Delightful and well made.,Positive
Fantastic quality and fast shipping.,Positive
"Absolute garbage, returning immediately.",Negative
Acceptable for the price I guess.,Neutral
"Broke after one week, very disappointed.",Negative
Acceptable for the price I guess.,Neutral
Would not recommend to anyone.,Negative
Delightful and well made.,Positive
It works as described.,Neutral
Does what it says on the tin.,Neutral
Not bad but not great either.,Neutral
Five stars no question.,Positive
"It is okay, nothing special.",Neutral
Complete waste of money.,Negative
"Broke after one week, very disappointed.",Negative
"Horrible quality, falls apart easily.",Negative
"Arrived on time, average product.",Neutral
Very frustrating experience.,Negative
Complete waste of money.,Negative
Complete waste of money.,Negative
Never buying from here again.,Negative
"Totally worth it, very happy.",Positive
"Average quality, meets basic needs.",Neutral
Worst product I have ever bought.,Negative
"Totally worth it, very happy.",Positive
"Arrived on time, average product.",Neutral
Delightful and well made.,Positive
"Horrible quality, falls apart easily.",Negative
It works as described.,Neutral
Worst product I have ever bought.,Negative
Does what it says on the tin.,Neutral
Acceptable for the price I guess.,Neutral
"Broke after one week, very disappointed.",Negative
Never buying from here again.,Negative
Unremarkable but functional.,Neutral
This made my day so much better.,Positive
Somewhat useful but nothing great.,Neutral
"Arrived on time, average product.",Neutral
"It is okay, nothing special.",Neutral
Exceeded all my expectations.,Positive
Disgusted by the poor build quality.,Negative
Delightful and well made.,Positive
Fantastic quality and fast shipping.,Positive
It works as described.,Neutral
So grateful for this amazing service.,Positive
Unremarkable but functional.,Neutral
Very frustrating experience.,Negative
Not bad but not great either.,Neutral
Disgusted by the poor build quality.,Negative
Delightful and well made.,Positive
Best purchase I've ever made.,Positive
Not bad but not great either.,Neutral
"Totally worth it, very happy.",Positive
"Arrived on time, average product.",Neutral
Terrible customer service.,Negative
"Broke after one week, very disappointed.",Negative
Does what it says on the tin.,Neutral
"Totally worth it, very happy.",Positive
"Broke after one week, very disappointed.",Negative
"Amazing experience, highly recommend.",Positive
Delightful and well made.,Positive
Unremarkable but functional.,Neutral
"Neither good nor bad, just fine.",Neutral
Terrible customer service.,Negative
"Arrived on time, average product.",Neutral
Best purchase I've ever made.,Positive
Disgusted by the poor build quality.,Negative
Somewhat useful but nothing great.,Neutral
"Arrived on time, average product.",Neutral
"Totally worth it, very happy.",Positive
Somewhat useful but nothing great.,Neutral
Terrible customer service.,Negative
"Amazing experience, highly recommend.",Positive
Terrible customer service.,Negative
Fantastic quality and fast shipping.,Positive
Disgusted by the poor build quality.,Negative
Worst product I have ever bought.,Negative
Five stars no question.,Positive
"Arrived on time, average product.",Neutral
Fantastic quality and fast shipping.,Positive
Very frustrating experience.,Negative
Does what it says on the tin.,Neutral
Disgusted by the poor build quality.,Negative
Exceeded all my expectations.,Positive
Five stars no question.,Positive
Best purchase I've ever made.,Positive
Disgusted by the poor build quality.,Negative
"Arrived on time, average product.",Neutral
Acceptable for the price I guess.,Neutral
Worst product I have ever bought.,Negative
Terrible customer service.,Negative
Fantastic quality and fast shipping.,Positive
"Arrived on time, average product.",Neutral
"Totally worth it, very happy.",Positive
Terrible customer service.,Negative
Acceptable for the price I guess.,Neutral
Acceptable for the price I guess.,Neutral
Acceptable for the price I guess.,Neutral
Exceeded all my expectations.,Positive
Delightful and well made.,Positive
Terrible customer service.,Negative
I absolutely love this product!,Positive
Terrible customer service.,Negative
Never buying from here again.,Negative
Five stars no question.,Positive
"Absolute garbage, returning immediately.",Negative
Delightful and well made.,Positive
Five stars no question.,Positive
Would not recommend to anyone.,Negative
Unremarkable but functional.,Neutral
This made my day so much better.,Positive
It works as described.,Neutral
"Average quality, meets basic needs.",Neutral
"Amazing experience, highly recommend.",Positive
"It is okay, nothing special.",Neutral
Complete waste of money.,Negative
Does what it says on the tin.,Neutral
Disgusted by the poor build quality.,Negative
"Amazing experience, highly recommend.",Positive
This made my day so much better.,Positive
Five stars no question.,Positive
Somewhat useful but nothing great.,Neutral
"Totally worth it, very happy.",Positive
Best purchase I've ever made.,Positive
"Arrived on time, average product.",Neutral
Unremarkable but functional.,Neutral
"Average quality, meets basic needs.",Neutral
Fantastic quality and fast shipping.,Positive
Exceeded all my expectations.,Positive
It works as described.,Neutral
"Neither good nor bad, just fine.",Neutral
"Horrible quality, falls apart easily.",Negative
"Arrived on time, average product.",Neutral
Never buying from here again.,Negative
Fantastic quality and fast shipping.,Positive
Not bad but not great either.,Neutral
"Totally worth it, very happy.",Positive
"It is okay, nothing special.",Neutral
"Neither good nor bad, just fine.",Neutral
"It is okay, nothing special.",Neutral
Worst product I have ever bought.,Negative
Does what it says on the tin.,Neutral
Worst product I have ever bought.,Negative
This made my day so much better.,Positive
"Horrible quality, falls apart easily.",Negative
Worst product I have ever bought.,Negative
Worst product I have ever bought.,Negative
Would not recommend to anyone.,Negative
Not bad but not great either.,Neutral
Does what it says on the tin.,Neutral
Terrible customer service.,Negative
Not bad but not great either.,Neutral
Exceeded all my expectations.,Positive
"Neither good nor bad, just fine.",Neutral
It works as described.,Neutral
Disgusted by the poor build quality.,Negative
Very frustrating experience.,Negative
"Amazing experience, highly recommend.",Positive
"Totally worth it, very happy.",Positive
"Horrible quality, falls apart easily.",Negative
"Amazing experience, highly recommend.",Positive
Fantastic quality and fast shipping.,Positive
Best purchase I've ever made.,Positive
Exceeded all my expectations.,Positive
Exceeded all my expectations.,Positive
Not bad but not great either.,Neutral
Complete waste of money.,Negative
Somewhat useful but nothing great.,Neutral
It works as described.,Neutral
"Amazing experience, highly recommend.",Positive
"Absolute garbage, returning immediately.",Negative
Five stars no question.,Positive
Exceeded all my expectations.,Positive
So grateful for this amazing service.,Positive
Disgusted by the poor build quality.,Negative
Terrible customer service.,Negative
"Totally worth it, very happy.",Positive
"Neither good nor bad, just fine.",Neutral
Terrible customer service.,Negative
"Horrible quality, falls apart easily.",Negative
Somewhat useful but nothing great.,Neutral
It works as described.,Neutral
Five stars no question.,Positive
"Absolute garbage, returning immediately.",Negative
Exceeded all my expectations.,Positive
Unremarkable but functional.,Neutral
Delightful and well made.,Positive
Would not recommend to anyone.,Negative
"Absolute garbage, returning immediately.",Negative
Best purchase I've ever made.,Positive
It works as described.,Neutral
Fantastic quality and fast shipping.,Positive
Disgusted by the poor build quality.,Negative
"Arrived on time, average product.",Neutral
Never buying from here again.,Negative
It works as described.,Neutral
"Average quality, meets basic needs.",Neutral
Best purchase I've ever made.,Positive
Best purchase I've ever made.,Positive
So grateful for this amazing service.,Positive
"Neither good nor bad, just fine.",Neutral
Fantastic quality and fast shipping.,Positive
"Neither good nor bad, just fine.",Neutral
"Amazing experience, highly recommend.",Positive
Very frustrating experience.,Negative
Fantastic quality and fast shipping.,Positive
Complete waste of money.,Negative
It works as described.,Neutral
So grateful for this amazing service.,Positive
Somewhat useful but nothing great.,Neutral
Never buying from here again.,Negative
